﻿<?xml version="1.0"?>
<manifest identifier="LIM" version="1.1"
 xmlns="http://www.imsproject.org/xsd/imscp_rootv1p1p2" 
 xmlns:adlcp="http://www.adlnet.org/xsd/adlcp_rootv1p2"
 xmlns:xsi="http://www.w3.org/2001/XMLSchema-instance" 
 xsi:schemaLocation="http://www.imsproject.org/xsd/imscp_rootv1p1p2     imscp_rootv1p1p2.xsd 
 http://www.adlnet.org/xsd/adlcp_rootv1p2 adlcp_rootv1p2.xsd">	
 <metadata>
 <schema>ADL SCORM</schema>
 <schemaversion>1.2</schemaversion>
  
 </metadata>
  <organizations default="TOC1">
    <organization identifier="TOC1">
      <title>LIM</title>
      <item identifier="ITEM1" identifierref="RESOURCE1">
        <title>LIBRO ALBUM NANA VIEJA</title>
      </item>
    </organization>
  </organizations>
  <resources>
       	<resource identifier="RESOURCE1" type="webcontent" adlcp:scormtype="sco" href="nana_vieja.html">
      <metadata>
        <schema>ADL SCORM</schema>
        <schemaversion>1.2</schemaversion>
      </metadata>
	 <file href="nana_vieja_chanchita4.png" />
<file href="nana_vieja.html" />
<file href="sclim/ad.png" />
<file href="sclim/am.png" />
<file href="sclim/at.png" />
<file href="sclim/av.mp3" />
<file href="sclim/av.ogg" />
<file href="sclim/ben.mp3" />
<file href="sclim/ben.ogg" />
<file href="sclim/c.png" />
<file href="sclim/Escolar8.ttf" />
<file href="sclim/in.png" />
<file href="sclim/l.png" />
<file href="sclim/lang.js" />
<file href="sclim/lim.css" />
<file href="sclim/limjs.js" />
<file href="sclim/mal.mp3" />
<file href="sclim/mal.ogg" />
<file href="sclim/p.png" />
<file href="sclim/pre.gif" />
<file href="nana_viejaf.html" />
<file href="nana_vieja.lim" />
<file href="lim.swf" />
<file href="scormlim.js" />
	
    </resource>
  </resources>
</manifest>
